LINK,Pob
20010101,336
20010201,478
20010202,401
20010203,337
20010204,602
20010205,307
20010206,732
20010207,438
20010208,486
20010209,511
20010210,327
20010211,611
20010212,1225
20010213,476
20010214,688
20010215,757
20010216,1128
20010217,712
20010218,480
20010219,547
20010301,594
20010302,564
20010303,659
20010304,428
20010305,1283
20010306,1027
20010307,403
20010308,797
20010309,1092
20010310,745
20010311,745
20010312,561
20010313,381
20010314,471
20010315,843
20010316,726
20010317,571
20010318,783
20010319,1017
20010320,397
20010321,300
20010322,670
20010323,837
20010401,1472
20010402,1299
20010403,1189
20010404,1545
20010405,1069
20010406,1271
20010407,1393
20010408,1128
20010501,631
20010502,533
20010503,928
20010504,1200
20010505,637
20010506,888
20010507,597
20010601,948
20010602,641
20010603,1160
20010604,789
20010605,332
20010606,569
20010607,498
20010608,730
20010609,1046
20010610,415
20010701,669
20010702,770
20010703,261
20010704,560
20010705,403
20010706,300
20010707,592
20010708,597
20010709,330
20010710,384
20010711,213
20010712,507
20010713,1425
20010801,352
20010802,1324
20010803,1104
20010804,592
20010805,589
20010806,1144
20010807,1334
20010808,446
20010809,691
20010810,445
20010901,292
20010902,388
20010903,449
20010904,256
20010905,409
20010906,354
20010907,588
20010908,261
20010909,628
20010910,369
20010911,422
20010912,378
20010913,590
20010914,253
20010915,238
20010916,997
20010917,360
20010918,395
20010919,119
20011001,318
20011002,504
20011003,980
20011004,427
20011005,507
20011006,541
20011007,312
20011008,279
20011009,341
20011010,680
20011011,612
20011012,584
20011013,678
20011014,218
20011101,512
20011102,428
20011103,354
20011104,667
20011105,529
20011106,447
20011107,525
20011108,817
20011109,455
20011110,621
20011111,266
20011112,933
20011113,666
20011114,774
20011201,341
20011202,229
20011203,723
20011204,393
20011205,600
20011206,472
20011207,786
20011208,329
20011209,1356
20011210,296
20011211,528
20011212,499
20011301,586
20011302,128
20011303,45
20011304,725
20011305,295
20011306,192
20011307,505
20011308,308
20011309,426
20011310,614
20011311,292
20011312,292
20011313,358
20011314,1960
20011315,0
20011401,622
20011402,1096
20011403,383
20011404,70
20011405,484
20011406,698
20011407,476
20011408,411
20011409,521
20011410,431
20011411,522
20011412,511
20011501,697
20011502,662
20011503,418
20011504,759
20011505,464
20011506,804
20011507,577
20011508,818
20011509,872
20011510,625
20011511,554
20011601,538
20011602,326
20011603,945
20011604,573
20011605,477
20011606,559
20011607,1074
20011608,546
20011609,382
20011610,591
20011611,464
20011612,364
20011701,888
20011702,657
20011703,720
20011704,586
20011705,577
20011706,759
20011707,615
20011708,597
20011709,439
20011710,574
20011711,474
20011801,842
20011802,735
20011803,642
20011804,730
20011805,698
20011806,1180
20011807,734
20011808,674
20011809,650
20011901,892
20011902,1066
20011903,374
20011904,720
20011905,643
20011906,431
20011907,746
20011908,450
20011909,507
20012001,627
20012002,738
20012003,567
20012004,769
20012005,700
20012006,785
20012007,481
20012008,563
20012009,572
20012010,860
20012101,627
20012102,640
20012103,400
20012104,1160
20012105,724
20012106,602
20012107,785
20012108,553
20012109,709
20012110,816
20012201,567
20012202,810
20012203,817
20012204,446
20012205,447
20012206,578
20012207,562
20012208,533
20012209,880
20012210,1231
20012301,607
20012302,525
20012303,790
20012304,370
20012305,501
20012306,484
20012307,568
20012308,681
20012309,898
20012310,362
20012401,248
20012402,287
20012403,534
20012404,328
20012405,345
20012406,720
20012407,566
20012408,428
20012501,424
20012502,388
20012503,513
20012504,912
20012505,477
20012506,752
20012507,418
20012508,612
20012509,658
20012510,542
20012511,557
20012601,639
20012602,677
20012603,440
20012604,553
20012605,683
20012606,465
20012607,313
20012608,449
20012609,739
20012701,596
20012702,780
20012703,888
20012704,802
20012705,641
20012706,929
20012707,866
20012708,694
20012709,723
20012710,513
20012801,512
20012802,753
20012803,677
20012804,661
20012805,805
20012806,632
20012807,727
20012808,306
20012809,741
20012810,909
20012811,610
20012812,573
20012813,652
20012901,1123
20012902,624
20012903,817
20012904,723
20012905,804
20012906,990
20012907,916
20012908,648
20012909,923
20020101,105
20020102,518
20020201,587
20020202,878
20020203,572
20020204,540
20020205,600
20020206,472
20020207,301
20020208,697
20020301,895
20020302,745
20020303,266
20020304,369
20020305,714
20020306,678
20020307,885
20020308,606
20020401,823
20020402,233
20020403,365
20020404,499
20020405,702
20020406,539
20020407,617
20020408,997
20020409,812
20020410,884
20020501,710
20020502,887
20020503,661
20020504,544
20020505,777
20020506,811
20020507,828
20020508,700
20020509,616
20020601,432
20020602,1346
20020603,638
20020604,835
20020605,488
20020606,680
20020607,392
20020608,569
20020609,501
20020610,515
20020701,1419
20020702,1073
20020703,922
20020704,672
20020705,524
20020706,590
20020707,933
20020708,435
20020709,530
20020801,713
20020802,702
20020803,900
20020804,1105
20020805,907
20020806,1247
20020807,1495
20020808,848
20020901,765
20020902,681
20020903,865
20020904,1021
20020905,1028
20020906,900
20020907,949
20020908,1377
20020909,1150
20021001,975
20021002,637
20021003,441
20021004,785
20021005,812
20021006,695
20021007,868
20021008,856
20021009,611
20021101,1196
20021102,564
20021103,1643
20021104,1393
20021105,309
20021106,527
20021201,970
20021202,818
20021203,943
20021204,1250
20021205,1242
20021206,983
20021301,1196
20021302,890
20021303,973
20021304,1112
20021305,1371
20021306,1052
20021307,1211
20021401,760
20021402,575
20021403,355
20021404,743
20021405,1124
20021406,1031
20021407,648
20021408,695
20021409,1475
20021410,1006
20021501,601
20021502,798
20021503,1393
20021504,628
20021505,555
20021506,605
20021507,756
20021508,708
20021601,807
20021602,712
20021603,698
20021604,534
20021605,822
20021606,675
20021607,770
20021608,425
20021701,1217
20021702,838
20021703,931
20021704,339
20021705,532
20021706,986
20021707,1121
20021708,913
20021709,741
20021801,891
20021802,1188
20021803,787
20021804,1185
20021805,549
20021806,744
20021807,595
20021808,912
20021901,854
20021902,675
20021903,717
20021904,997
20021905,790
20021906,745
20021907,682
20021908,831
20022001,959
20022002,822
20022003,751
20022004,841
20022005,504
20022006,637
20022007,569
20022008,671
20022101,1058
20022102,959
20022103,775
20022104,1046
20022105,984
20022106,926
20022201,699
20022202,534
20022203,439
20022204,959
20022205,1093
20022206,1016
20022301,1079
20022302,1025
20022303,928
20022304,849
20022305,650
20022306,406
20022307,456
20022308,445
20022309,943
20022401,1012
20022402,787
20022403,795
20022404,1050
20022405,922
20022406,968
20022501,570
20022502,647
20022503,743
20022504,757
20022505,930
20022506,759
20022507,768
20022508,1222
20022509,775
20022510,605
20022511,1037
20030101,1026
20030102,903
20030103,960
20030104,490
20030105,909
20030106,715
20030107,847
20030108,491
20030109,530
20030110,438
20030111,462
20030201,742
20030202,714
20030203,676
20030204,734
20030205,872
20030206,927
20030207,1021
20030208,866
20030209,836
20030210,427
20030211,602
20030212,845
20030301,1101
20030302,860
20030303,614
20030304,516
20030305,579
20030306,823
20030307,802
20030308,726
20030309,285
20030310,950
20030311,869
20030401,736
20030402,499
20030403,681
20030404,772
20030405,683
20030406,655
20030407,674
20030408,724
20030501,802
20030502,648
20030503,970
20030504,542
20030505,610
20030506,441
20030507,768
20030601,716
20030602,351
20030603,617
20030604,610
20030605,866
20030606,522
20030607,683
20030701,310
20030702,864
20030703,967
20030704,914
20030705,579
20030706,584
20030707,922
20030708,395
20030709,931
20030801,647
20030802,552
20030803,839
20030804,538
20030805,496
20030806,478
20030807,427
20030808,524
20030809,718
20030810,547
20030901,860
20030902,486
20030903,762
20030904,1026
20030905,594
20030906,497
20030907,776
20030908,740
20030909,803
20030910,787
20031001,786
20031002,820
20031003,952
20031004,733
20031005,469
20031006,976
20031007,742
20031008,658
20031101,809
20031102,934
20031103,898
20031104,1213
20031105,704
20031106,916
20031107,843
20031108,584
20031201,679
20031202,904
20031203,578
20031204,491
20031205,971
20031206,269
20031207,928
20031208,546
20031209,478
20031210,845
20031301,744
20031302,771
20031303,817
20031304,516
20031305,633
20031306,735
20031307,622
20031308,498
20031309,723
20031310,693
20031311,896
20031401,880
20031402,948
20031403,1052
20031404,802
20031405,844
20031406,1114
20031407,633
20031408,720
20031409,103
20031410,898
20031501,683
20031502,909
20031503,666
20031504,788
20031505,755
20031506,805
20031507,1248
20031508,1281
20031509,275
20031601,891
20031602,1121
20031603,881
20031604,464
20031605,664
20031606,741
20031607,787
20031608,774
20031609,1153
20031701,738
20031702,822
20031703,452
20031704,905
20031705,811
20031706,726
20031707,880
20031708,1182
20031709,707
20031801,573
20031802,761
20031803,486
20031804,830
20031805,396
20031806,644
20031807,709
20031808,538
20031809,895
20031810,581
20031811,597
20031901,1181
20031902,301
20031903,665
20031904,727
20031905,812
20031906,781
20031907,949
20031908,1160
20031909,689
20031910,520
20032001,603
20032002,880
20032003,613
20032004,616
20032005,482
20032006,485
20032007,802
20032008,803
20032009,974
20032010,626
20032011,479
20032101,959
20032102,912
20032103,739
20032104,768
20032105,507
20032106,797
20032107,405
20032108,690
20032109,416
20032110,972
20032201,787
20032202,658
20032203,407
20032204,513
20032205,809
20032206,753
20032207,737
20032208,931
20032209,939
20032301,799
20032302,803
20032303,810
20032304,448
20032305,614
20032306,610
20032307,661
20032308,880
20032309,972
20032310,1044
20032401,692
20032402,851
20032403,651
20032404,701
20032405,517
20032406,1074
20032407,674
20032408,753
20032409,458
20032501,1221
20032502,709
20032503,549
20032504,696
20032505,829
20032506,959
20032507,527
20032508,1553
20032509,746
20032601,900
20032602,1162
20032603,803
20032604,517
20032605,834
20032606,605
20032607,815
20032608,586
20032609,790
20032701,966
20032702,842
20032703,906
20032704,834
20032705,781
20032706,838
20032707,932
20040101,770
20040102,795
20040103,635
20040104,801
20040105,824
20040106,725
20040107,518
20040108,685
20040109,650
20040110,491
20040111,593
20040112,529
20040113,405
20040114,749
20040201,753
20040202,826
20040203,1049
20040204,796
20040205,738
20040206,683
20040207,899
20040208,520
20040209,621
20040210,1051
20040301,974
20040302,849
20040303,643
20040304,904
20040305,1061
20040306,902
20040307,686
20040308,844
20040309,575
20040310,822
20040311,920
20040312,1065
20040313,590
20040401,668
20040402,738
20040403,902
20040404,1041
20040405,1016
20040406,795
20040407,886
20040408,780
20040409,850
20040410,661
20040411,960
20040501,891
20040502,639
20040503,797
20040504,715
20040505,453
20040506,936
20040507,834
20040508,1082
20040509,2162
20040510,1258
20040511,1016
20040601,1090
20040602,787
20040603,751
20040604,955
20040605,733
20040606,929
20040607,766
20040608,920
20040609,707
20040610,730
20040611,654
20040701,902
20040702,756
20040703,938
20040704,2159
20040705,763
20040706,861
20040707,785
20040708,689
20040709,744
20040710,610
20040711,1277
20040712,866
20040801,705
20040802,767
20040803,630
20040804,800
20040805,594
20040806,710
20040807,2464
20040808,405
20040809,1093
20040810,763
20040811,899
20040901,1495
20040902,765
20040903,536
20040904,503
20040905,537
20040906,839
20040907,782
20041001,73
20041002,1935
20041003,1653
20041004,464
20041005,1659
20041006,1004
20041007,901
20041008,1602
20041009,2091
20041101,862
20041102,847
20041103,785
20041104,643
20041105,456
20041106,964
20041107,1049
20041108,922
20041109,885
20041201,604
20041202,540
20041203,721
20041204,975
20041205,615
20041206,796
20041207,484
20041208,403
20041209,739
20041210,884
20041211,632
20041212,573
20041301,907
20041302,618
20041303,638
20041304,486
20041305,956
20041306,576
20041307,898
20041308,409
20041309,407
20041310,491
20041311,1139
20041401,635
20041402,588
20041403,645
20041404,1110
20041405,669
20041406,497
20041407,757
20041408,992
20041409,664
20041501,639
20041502,1292
20041503,1064
20041504,732
20041505,542
20041506,594
20041507,644
20041508,671
20041509,663
20041510,527
20041601,681
20041602,1933
20041603,1245
20041604,646
20041605,970
20041606,557
20041607,401
20041608,611
20041609,1064
20041610,786
20041701,577
20041702,590
20041703,584
20041704,675
20041705,759
20041706,607
20041707,609
20041708,994
20041709,757
20041710,881
20041801,74
20041901,674
20041902,735
20041903,904
20041904,1134
20041905,805
20041906,1147
20041907,933
20041908,1520
20041909,1129
20041910,644
20042001,931
20042002,705
20042003,849
20042004,603
20042005,756
20042006,868
20042007,849
20042008,797
20042009,849
20042010,1125
20042011,913
20042012,1169
20042101,703
20042102,799
20042103,561
20042104,767
20042105,655
20042106,732
20042107,838
20042108,981
20042109,835
20042110,733
20042111,912
20042112,557
20042201,589
20042202,745
20042203,886
20042204,1305
20042205,765
20042206,599
20042207,903
20042208,987
20042209,685
20042210,563
20042211,728
20042212,605
20042301,834
20042302,873
20042303,819
20042304,827
20042305,543
20042306,695
20042307,653
20042308,845
20042309,471
20042310,804
20042311,573
20042312,780
20042401,1396
20042402,1852
20042403,1220
20042404,1929
20042405,1350
20042406,1417
20042501,2357
20042502,2215
20042503,3945
20042504,2028
20042601,1008
20042602,1228
20042603,1219
20050101,553
20050102,879
20050103,775
20050104,683
20050105,1103
20050106,498
20050107,625
20050108,742
20050109,691
20050110,673
20050201,875
20050202,616
20050203,723
20050204,941
20050205,568
20050206,610
20050207,572
20050208,1067
20050209,837
20050210,675
20050211,841
20050301,757
20050302,1145
20050303,369
20050304,582
20050305,727
20050306,669
20050307,563
20050308,357
20050309,610
20050310,535
20050311,839
20050401,1030
20050402,726
20050403,703
20050404,699
20050405,723
20050406,1027
20050407,553
20050408,1094
20050409,778
20050501,784
20050502,1353
20050503,743
20050504,727
20050505,593
20050506,716
20050507,890
20050508,710
20050601,740
20050602,991
20050603,877
20050604,1481
20050605,1134
20050606,907
20050607,894
20050608,922
20050701,1206
20050702,538
20050703,640
20050704,1364
20050705,1295
20050706,627
20050707,894
20050708,909
20050801,1171
20050802,703
20050803,1180
20050804,990
20050805,401
20050806,896
20050807,855
20050808,834
20050809,767
20050901,1082
20050902,601
20050903,575
20050904,526
20050905,576
20050906,572
20050907,485
20050908,941
20050909,924
20050910,806
20051001,1160
20051002,1082
20051003,416
20051004,557
20051005,749
20051006,791
20051007,1225
20051008,660
20051009,785
20051010,540
20051101,1144
20051102,894
20051103,694
20051104,682
20051105,764
20051106,747
20051107,1059
20051108,791
20051109,1026
20051110,855
20051201,606
20051202,1821
20051203,949
20051204,735
20051205,435
20051206,1575
20051207,897
20051301,856
20051302,710
20051303,759
20051304,731
20051305,795
20051306,850
20051307,739
20051308,940
20051309,1022
20051401,659
20051402,672
20051403,1153
20051404,931
20051405,1592
20051406,1229
20051407,454
20051408,650
20051409,907
20051501,1104
20051502,1099
20051503,586
20051504,1186
20051505,922
20051506,863
20051507,723
20051508,775
20051509,406
20051601,833
20051602,628
20051603,632
20051604,1025
20051605,846
20051606,715
20051607,604
20051608,1030
20051609,918
20051610,923
20051611,1063
20051701,706
20051702,815
20051703,754
20051704,842
20051705,747
20051706,775
20051707,906
20051708,938
20051709,558
20051710,757
20051711,879
20051801,943
20051802,900
20051803,852
20051804,788
20051805,828
20051806,684
20051807,724
20051808,408
20051809,689
20051810,818
20051811,718
20051901,856
20051902,692
20051903,929
20051904,994
20051905,768
20051906,808
20051907,446
20051908,922
20051909,605
20051910,798
20051911,1046
20052001,764
20052002,930
20052003,1065
20052004,804
20052005,901
20052006,846
20052007,912
20052008,907
20052009,861
20052010,962
20052011,830
20052012,905
20052101,860
20052102,857
20052103,531
20052104,914
20052105,640
20052106,717
20052107,719
20052108,728
20052109,726
20052110,599
20052111,694
20052201,738
20052202,827
20052203,629
20052204,936
20052205,801
20052206,938
20052207,1596
20052208,713
20052209,901
20052210,858
20052211,894
20052212,909
20052213,678
20060101,677
20060102,824
20060103,888
20060104,698
20060105,1124
20060106,938
20060107,692
20060108,871
20060109,715
20060110,620
20060111,675
20060112,622
20060201,1081
20060202,899
20060203,591
20060204,667
20060205,634
20060206,905
20060207,737
20060208,1089
20060209,660
20060210,917
20060211,1327
20060301,962
20060302,874
20060303,909
20060304,635
20060305,720
20060306,880
20060307,876
20060308,732
20060309,1142
20060310,864
20060401,554
20060402,658
20060403,831
20060404,773
20060405,731
20060406,774
20060407,673
20060408,883
20060409,1080
20060410,804
20060411,762
20060501,741
20060502,1015
20060503,774
20060504,637
20060505,939
20060506,689
20060507,749
20060508,466
20060509,569
20060510,978
20060511,936
20060512,369
20060601,1118
20060602,1836
20060603,1107
20060604,482
20060605,677
20060606,786
20060607,741
20060608,1009
20060609,761
20060701,593
20060702,803
20060703,954
20060704,869
20060705,784
20060706,682
20060707,1151
20060708,740
20060709,769
20060710,778
20060711,613
20060712,652
20060713,491
20060801,832
20060802,1023
20060803,640
20060804,626
20060805,511
20060806,1320
20060807,664
20060808,1333
20060809,511
20060810,677
20060901,600
20060902,598
20060903,653
20060904,1012
20060905,438
20060906,864
20060907,540
20060908,401
20060909,838
20060910,735
20061001,604
20061002,564
20061003,791
20061004,712
20061005,959
20061006,956
20061007,592
20061008,1243
20061009,501
20061010,943
20061101,1053
20061102,550
20061103,876
20061104,782
20061105,581
20061106,727
20061107,755
20061108,779
20061109,723
20061110,536
20061201,522
20061202,556
20061203,629
20061204,360
20061205,841
20061206,571
20061207,685
20061208,741
20061209,773
20061210,536
20061211,814
20061212,519
20061301,689
20061302,1302
20061303,764
20061304,1240
20061305,873
20061306,535
20061307,862
20061308,1221
20061309,896
20061401,896
20061402,625
20061403,850
20061404,1059
20061405,1031
20061406,1161
20061407,539
20061408,540
20061409,794
20061410,912
20061501,671
20061502,1667
20061503,816
20061504,682
20061505,760
20061506,803
20061507,859
20061508,959
20061509,517
20061510,716
20061601,672
20061602,678
20061603,945
20061604,696
20061605,976
20061606,979
20061607,1040
20061608,1406
20061609,1087
20061610,1155
20061611,886
20061701,838
20061702,899
20061703,708
20061704,747
20061705,1730
20061706,1047
20061707,606
20061801,623
20061802,611
20061803,648
20061804,722
20061805,812
20061806,1083
20061807,1153
20061808,1071
20061809,819
20061901,887
20061902,1468
20061903,1420
20061904,1010
20061905,748
20061906,1017
20061907,966
20061908,907
20062001,491
20062002,558
20062003,970
20062004,532
20062005,836
20062006,824
20062007,603
20062008,1194
20062009,770
20062010,864
20062101,620
20062102,992
20062103,1027
20062104,614
20062105,784
20062106,523
20062107,963
20062108,1223
20062109,740
20062110,825
20062111,1008
20070101,601
20070102,891
20070103,878
20070104,738
20070105,450
20070106,749
20070107,487
20070108,721
20070109,680
20070110,1125
20070201,828
20070202,989
20070203,824
20070204,1777
20070205,985
20070206,1100
20070207,724
20070208,712
20070209,998
20070301,689
20070302,953
20070303,1134
20070304,1174
20070305,787
20070306,924
20070307,1170
20070308,736
20070309,711
20070310,1062
20070401,1069
20070402,770
20070403,1012
20070404,1302
20070405,833
20070406,1174
20070407,1191
20070408,951
20070409,612
20070410,928
20070501,746
20070502,648
20070503,866
20070504,1024
20070505,1129
20070506,640
20070507,660
20070508,740
20070509,1098
20070601,927
20070602,801
20070603,631
20070604,834
20070605,899
20070606,908
20070607,869
20070608,439
20070609,687
20070701,641
20070702,586
20070703,958
20070704,639
20070705,637
20070706,959
20070707,665
20070708,506
20070709,936
20070710,789
20070711,613
20070801,682
20070802,879
20070803,583
20070804,821
20070805,1040
20070806,896
20070807,678
20070808,818
20070901,667
20070902,625
20070903,543
20070904,826
20070905,494
20070906,893
20070907,753
20070908,972
20070909,685
20070910,692
20070911,577
20071001,733
20071002,380
20071003,588
20071004,690
20071005,640
20071006,760
20071007,710
20071008,1072
20071009,682
20071010,932
20071101,855
20071102,863
20071103,850
20071104,939
20071105,548
20071106,801
20071107,1123
20071108,1005
20071109,987
20071110,645
20071201,1020
20071202,578
20071203,772
20071204,797
20071205,740
20071206,755
20071207,612
20071208,595
20071209,823
20071301,721
20071302,713
20071303,1000
20071304,562
20071305,819
20071306,744
20071307,549
20071308,560
20071309,493
20071310,497
20071311,750
20071312,692
20071313,565
20071314,709
20071315,503
20071401,833
20071402,817
20071403,725
20071404,696
20071405,929
20071406,1125
20071407,939
20071408,936
20071409,856
20071410,766
20071411,922
20071412,924
20071413,747
20071501,688
20071502,1067
20071503,960
20071504,655
20071505,705
20071506,1110
20071507,714
20071508,797
20071509,1218
20071510,1023
20071511,1148
20071601,722
20071602,796
20071603,815
20071604,726
20071605,795
20071606,1007
20071607,947
20071608,1106
20071609,1057
20071701,1605
20071702,1587
20071703,1374
20071704,1645
20071705,891
20071706,1313
20071707,2416
20071708,1103
20071709,1846
20071710,1507
20071711,560
20071801,1545
20071802,487
20071803,942
20071804,813
20071805,1003
20071806,1674
20071807,1216
20071808,1010
20071809,1203
20071810,1493
20071811,1325
20071901,878
20071902,1659
20071903,1339
20071904,1553
20071905,1407
20071906,1927
20072001,1021
20072002,552
20072003,722
20072004,541
20072005,806
20072006,815
20072007,816
20072008,1189
20072009,909
20072010,1327
20072011,1089
20072012,659
20072013,1617
20072101,1138
20072102,1121
20072103,959
20072104,565
20072105,686
20072106,927
20072107,722
20072108,432
20072109,709
20072110,911
20072111,811
20072112,917
20072201,634
20072202,923
20072203,874
20072204,932
20072205,1000
20072206,903
20072207,561
20072208,569
20072209,606
20072210,778
20072211,753
20072212,582
20072213,753
20072301,822
20072302,984
20072303,728
20072304,633
20072305,735
20072306,760
20072307,821
20072308,814
20072309,735
20072401,894
20072402,913
20072403,1214
20072404,1036
20072405,931
20072406,1059
20072407,852
20072408,877
20072409,950
20072410,962
20072411,1040
20080101,1147
20080102,1625
20080103,1321
20080104,1894
20080105,1762
20080106,2255
20080107,1451
20080108,1183
20080109,2671
20080110,1514
20080111,665
20080112,3404
20080201,1282
20080202,535
20080203,515
20080204,800
20080205,561
20080206,698
20080207,1226
20080208,910
20080209,829
20080210,540
20080301,951
20080302,791
20080303,580
20080304,791
20080305,728
20080306,397
20080307,764
20080308,1901
20080309,2007
20080310,1696
20080401,899
20080402,622
20080403,663
20080404,663
20080405,960
20080406,1084
20080407,836
20080408,859
20080409,770
20080410,883
20080411,743
20080501,807
20080502,776
20080503,821
20080504,872
20080505,617
20080506,831
20080507,1024
20080508,624
20080509,910
20080510,1137
20080511,927
20080601,926
20080602,1197
20080603,1219
20080604,742
20080605,999
20080606,1003
20080607,612
20080608,764
20080609,869
20080610,640
20080611,651
20080701,1339
20080702,1629
20080703,1663
20080704,1521
20080705,1707
20080706,1392
20080707,2159
20080708,1885
20080709,3088
20080710,1035
20080711,1570
20080712,1705
20080713,1513
20080714,2062
20080801,864
20080802,924
20080803,682
20080804,809
20080805,613
20080806,945
20080807,856
20080808,640
20080809,735
20080810,899
20080811,927
20080901,801
20080902,883
20080903,1028
20080904,513
20080905,940
20080906,1020
20080907,772
20080908,756
20080909,922
20081001,876
20081002,759
20081003,1009
20081004,2202
20081005,2401
20081006,1601
20081007,1627
20081008,1196
20081101,2885
20081102,2048
20081103,2969
20081104,1915
20081105,1290
20081201,915
20081202,1004
20081203,1003
20081204,979
20081205,978
20081206,744
20081207,826
20081301,45
20081302,365
20081303,998
20081304,1064
20081305,963
20081306,657
20081307,728
20081308,893
20081401,1805
20081402,1473
20081403,2033
20081404,2705
20081405,1173
20081406,793
20081407,949
20081408,798
20081409,1011
20081410,979
20081501,2797
20081502,2428
20081503,2431
20081504,931
20081505,3385
20081506,881
20081507,929
20081508,1357
20081509,1722
20081510,1264
20081601,1045
20081602,617
20081603,1118
20081604,942
20081605,976
20081606,830
20081607,1041
20081608,804
20081609,915
20081610,934
20081701,576
20081702,620
20081703,666
20081704,780
20081705,448
20090101,530
20090102,444
20090103,613
20090104,749
20090105,737
20090106,809
20090107,683
20090108,683
20090109,751
20090201,824
20090202,767
20090203,819
20090204,982
20090205,1143
20090206,716
20090207,800
20090208,686
20090209,861
20090210,754
20090211,1058
20090212,625
20090301,646
20090302,676
20090303,601
20090304,641
20090305,546
20090306,749
20090307,819
20090308,778
20090309,697
20090310,809
20090311,833
20090312,585
20090313,946
20090401,926
20090402,923
20090403,910
20090404,931
20090405,992
20090406,626
20090407,680
20090408,735
20090409,707
20090410,771
20090411,933
20090501,879
20090502,832
20090503,1061
20090504,848
20090505,1006
20090506,841
20090507,798
20090508,834
20090509,792
20090510,847
20090511,900
20090601,1111
20090602,834
20090603,929
20090604,905
20090605,1109
20090606,709
20090607,999
20090608,785
20090609,890
20090610,899
20090611,823
20090612,830
20090701,765
20090702,842
20090703,568
20090704,669
20090705,709
20090706,853
20090707,600
20090708,737
20090709,838
20090710,669
20090711,767
20090712,1014
20090713,829
20090714,861
20090801,770
20090802,733
20090803,832
20090804,703
20090805,909
20090806,994
20090807,1066
20090808,1082
20090809,764
20090810,905
20090811,905
20090812,954
20090813,650
20090901,792
20090902,720
20090903,1033
20090904,628
20090905,713
20090906,881
20090907,964
20090908,589
20090909,809
20090910,839
20090911,753
20090912,689
20090913,640
20090914,971
20091001,825
20091002,1068
20091003,1131
20091004,626
20091005,883
20091006,810
20091007,669
20091008,931
20091009,459
20091010,760
20091011,586
20091012,520
20091101,1151
20091102,1082
20091103,846
20091104,1055
20091105,1224
20091106,959
20091107,1124
20091108,908
20091109,1082
20091110,923
20091111,969
20091112,1260
20091201,1042
20091202,546
20091203,858
20091204,810
20091205,803
20091206,1016
20091207,719
20091208,1017
20091209,871
20091210,1063
20091211,859
20091212,726
20091301,972
20091302,1112
20091303,1193
20091304,822
20091305,976
20091306,977
20091307,1146
20091401,1109
20091402,917
20091403,773
20091404,846
20091405,1880
20091406,2558
20091407,1374
20091408,1684
20091409,905
20091410,1804
20091501,579
20091502,875
20091503,863
20091504,865
20091505,949
20091506,1049
20091507,1059
20091508,843
20091509,801
20091510,682
20091511,928
20091601,925
20091602,863
20091603,613
20091604,729
20091605,887
20091606,986
20091607,968
20091608,930
20091609,1023
20091610,862
20091611,748
20091612,793
20091613,784
20100101,641
20100102,883
20100103,927
20100104,837
20100105,695
20100106,811
20100107,754
20100108,976
20100201,930
20100202,600
20100203,702
20100204,875
20100205,839
20100206,1108
20100207,973
20100208,868
20100301,612
20100302,836
20100303,803
20100304,588
20100305,806
20100306,717
20100307,910
20100308,1006
20100401,1036
20100402,1105
20100403,879
20100404,814
20100405,789
20100406,655
20100407,775
20100408,717
20100409,774
20100501,700
20100502,723
20100503,936
20100504,921
20100505,826
20100506,853
20100507,855
20100508,962
20100509,693
20100510,805
20100511,703
20100512,767
20100513,820
20100514,737
20100601,662
20100602,682
20100603,1071
20100604,868
20100605,876
20100606,851
20100607,831
20100608,866
20100609,965
20100610,1100
20100611,786
20100612,717
20100613,1043
20100701,1142
20100702,1068
20100703,1223
20100704,1133
20100705,843
20100706,960
20100707,1514
20100708,1047
20100709,959
20100710,1115
20100801,1085
20100802,1208
20100803,800
20100804,1021
20100805,848
20100806,882
20100807,1154
20100808,1121
20100809,800
20100901,838
20100902,899
20100903,831
20100904,840
20100905,1001
20100906,992
20100907,885
20100908,737
20100909,685
20100910,801
20101001,745
20101002,1127
20101003,967
20101004,780
20101005,889
20101006,908
20101007,824
20101008,733
20101009,957
20101010,726
20101011,810
20101012,900
20101101,850
20101102,1113
20101103,856
20101104,1021
20101105,944
20101106,510
20101107,1079
20101108,839
20101109,1085
20101110,678
20101111,645
20101201,1006
20101202,875
20101203,807
20101204,629
20101205,605
20101206,601
20101207,659
20101208,753
20101209,737
20101210,612
20101301,718
20101302,753
20101303,725
20101304,605
20101305,810
20101306,840
20101307,722
20101308,785
20101309,726
20101310,593
20101311,619
20101312,601
20101401,902
20101402,925
20101403,813
20101404,832
20101405,719
20101406,593
20101407,835
20101408,599
20101409,887
20101410,839
20101411,709
20101501,633
20101502,918
20101503,557
20101504,676
20101505,820
20101506,613
20101507,526
20101508,1073
20101509,1223
20101601,671
20101602,1077
20101603,778
20101604,873
20101605,1051
20101606,1006
20101607,782
20101608,853
20101609,953
20101701,748
20101702,844
20101703,944
20101704,1083
20101705,1061
20101706,872
20101707,875
20101708,694
20101709,638
20101710,741
20101801,736
20101802,755
20101803,780
20101804,1114
20101805,779
20101806,606
20101807,785
20101808,596
20101809,1284
20101810,516
20101811,663
20101812,808
20101901,563
20101902,1094
20101903,1100
20101904,788
20101905,822
20101906,858
20101907,775
20101908,512
20101909,729
20101910,1008
20101911,919
20101912,1137
20110101,1032
20110102,933
20110103,720
20110104,846
20110105,587
20110106,802
20110107,720
20110108,675
20110109,781
20110110,822
20110111,895
20110112,676
20110201,836
20110202,973
20110203,739
20110204,555
20110205,1066
20110206,981
20110207,841
20110208,883
20110209,665
20110210,1022
20110211,837
20110301,693
20110302,800
20110303,687
20110304,619
20110305,565
20110306,755
20110307,789
20110308,757
20110309,734
20110310,773
20110311,740
20110312,775
20110401,829
20110402,786
20110403,739
20110404,948
20110405,777
20110406,644
20110407,727
20110408,700
20110409,828
20110410,691
20110411,931
20110412,883
20110413,795
20110501,704
20110502,867
20110503,977
20110504,624
20110505,854
20110506,876
20110507,754
20110508,862
20110509,842
20110510,811
20110601,698
20110602,967
20110603,819
20110604,916
20110605,732
20110606,855
20110607,895
20110608,740
20110609,865
20110610,799
20110611,859
20110701,2218
20110702,884
20110703,786
20110704,936
20110705,965
20110706,791
20110707,796
20110708,691
20110709,808
20110710,817
20110711,807
20110712,854
20110801,886
20110802,896
20110803,519
20110804,724
20110805,658
20110806,992
20110807,992
20110808,973
20110809,823
20110901,873
20110902,807
20110903,1008
20110904,659
20110905,737
20110906,579
20110907,788
20110908,866
20110909,529
20110910,671
20110911,586
20110912,658
20111001,724
20111002,956
20111003,715
20111004,956
20111005,942
20111006,982
20111007,982
20111008,748
20111009,757
20111010,713
20111101,827
20111102,888
20111103,953
20111104,294
20111105,952
20111106,1017
20111107,878
20111108,867
20111109,906
20111201,580
20111202,587
20111203,1009
20111204,622
20111205,655
20111206,881
20111207,664
20111208,756
20111209,596
20111210,604
20111301,709
20111302,819
20111303,717
20111304,763
20111305,892
20111306,955
20111307,813
20111308,712
20111309,994
20111310,656
20111311,846
20111401,972
20111402,819
20111403,1008
20111404,699
20111405,970
20111406,1045
20111407,1649
20111501,990
20111502,914
20111503,1025
20111504,972
20111505,794
20111506,887
20111507,672
20111508,843
20111509,816
20111510,917
20111511,1057
20111601,897
20111602,889
20111603,678
20111604,667
20111605,769
20111606,810
20111607,838
20111608,1016
20111609,646
20111610,666
20111701,821
20111702,815
20111703,884
20111704,933
20111705,838
20111706,1175
20111707,916
20111708,847
20111801,854
20111802,813
20111803,880
20111804,903
20111805,804
20111806,1348
20111807,1009
20111808,907
20111809,815
20111901,568
20111902,871
20111903,710
20111904,1022
20111905,791
20111906,921
20111907,916
20111908,837
20111909,889
20112001,895
20112002,856
20112003,1136
20112004,893
20112005,863
20112006,711
20112007,653
20112008,502
20112009,820
20112010,770
20112011,698
20112101,794
20112102,765
20112103,997
20112104,756
20112105,922
20112106,969
20112107,711
20112108,712
20112109,537
20112110,829
20112111,941
20112201,904
20112202,977
20112203,996
20112204,694
20112205,893
20112206,1032
20112207,856
20112208,865
20112209,763
20112210,777
20112211,701
20120101,581
20120102,582
20120103,687
20120104,885
20120105,588
20120106,760
20120107,1089
20120108,505
20120109,974
20120110,888
20120111,1038
20120201,1066
20120202,738
20120203,850
20120204,1032
20120205,1020
20120206,968
20120207,850
20120208,1003
20120301,232
20120302,698
20120303,824
20120304,805
20120305,819
20120306,1820
20120307,1009
20120308,724
20120309,669
20120310,878
20120311,785
20120401,769
20120402,788
20120403,1088
20120404,952
20120405,606
20120406,760
20120407,1071
20120408,786
20120409,594
20120410,630
20120501,622
20120502,658
20120503,1358
20120504,657
20120505,694
20120506,635
20120507,759
20120508,997
20120509,769
20120510,695
20120511,793
20120601,789
20120602,870
20120603,686
20120604,950
20120605,1001
20120606,983
20120607,736
20120608,733
20120609,725
20120610,774
20120701,836
20120702,836
20120703,879
20120704,944
20120705,745
20120706,908
20120707,822
20120708,874
20120709,1237
20120710,1092
20120801,1465
20120802,745
20120803,868
20120804,769
20120805,602
20120806,836
20120807,871
20120808,927
20120809,975
20120810,731
20120811,642
20120901,937
20120902,1127
20120903,1005
20120904,1061
20120905,965
20120906,960
20120907,879
20121001,994
20121002,994
20121003,730
20121004,758
20121005,738
20121006,874
20121007,768
20121008,1166
20121009,842
20121010,815
20121011,883
20121101,760
20121102,645
20121103,568
20121104,888
20121105,920
20121106,858
20121107,778
20121108,922
20121109,869
20121110,860
20121111,774
20121201,661
20121202,1098
20121203,1209
20121204,911
20121205,803
20121206,553
20121207,858
20121208,716
20121301,898
20121302,872
20121303,1564
20121304,1257
20121305,1077
20121306,911
20121307,493
20121401,1000
20121402,914
20121403,778
20121404,866
20121405,986
20121406,778
20121407,1057
20121408,971
20121409,800
20121410,1023
20121501,884
20121502,844
20121503,997
20121504,974
20121505,913
20121506,829
20121507,921
20121508,938
20121509,995
20121510,848
20121511,844
20121512,798
20121513,690
20121601,1110
20121602,873
20121603,908
20121604,1143
20121605,1339
20121606,1406
20121607,754
20121608,1063
20121609,838
20121610,663
20121611,796
20121612,714
20121613,498
20121614,353
20121701,1010
20121702,1052
20121703,917
20121704,796
20121705,1133
20121706,1006
20121707,992
20121708,1252
20121801,631
20121802,924
20121803,864
20121804,817
20121805,913
20121806,889
20121807,894
20121808,980
20121809,794
20121810,747
20121811,708
20121812,1163
20121813,756
20121901,913
20121902,593
20121903,764
20121904,1082
20121905,1089
20121906,1078
20121907,998
20121908,963
20121909,789
20121910,1080
20121911,1082
20121912,833
20121913,713
20122001,851
20122002,1286
20122003,1026
20122004,1034
20122005,993
20122006,1014
20122007,887
20122008,937
20122101,1052
20122102,1074
20122103,920
20122104,1015
20122105,813
20122106,869
20122107,957
20122108,803
20122109,801
20122110,664
20122201,788
20122202,954
20122203,786
20122204,885
20122205,1207
20122206,1119
20122207,1121
20122208,982
20122209,920
20122210,964
20122211,955
20130101,733
20130102,770
20130103,612
20130104,763
20130105,835
20130106,882
20130107,509
20130108,538
20130109,457
20130110,709
20130111,660
20130112,544
20130113,622
20130114,647
20130201,1073
20130202,860
20130203,591
20130204,666
20130205,786
20130206,949
20130207,667
20130208,618
20130209,1055
20130210,1102
20130211,613
20130301,833
20130302,654
20130303,781
20130304,1069
20130305,798
20130306,651
20130307,663
20130308,625
20130309,950
20130310,972
20130401,610
20130402,777
20130403,679
20130404,995
20130405,758
20130406,879
20130407,730
20130408,624
20130409,714
20130410,440
20130411,824
20130412,1400
20130413,707
20130414,758
20130501,744
20130502,1196
20130503,1189
20130504,1008
20130505,888
20130506,953
20130507,777
20130508,883
20130601,688
20130602,1061
20130603,932
20130604,904
20130605,939
20130606,864
20130607,977
20130608,794
20130701,779
20130702,586
20130703,1016
20130704,753
20130705,1048
20130706,829
20130707,805
20130708,776
20130709,818
20130801,640
20130802,563
20130803,929
20130804,879
20130805,955
20130806,676
20130807,808
20130808,993
20130809,708
20130810,650
20130901,673
20130902,699
20130903,506
20130904,572
20130905,1175
20130906,685
20130907,677
20130908,788
20130909,868
20130910,537
20131001,798
20131002,900
20131003,964
20131004,1110
20131005,568
20131006,900
20131007,661
20131008,910
20131009,701
20131010,893
20131011,616
20131101,568
20131102,746
20131103,579
20131104,557
20131105,591
20131106,1081
20131107,726
20131201,703
20131202,897
20131203,624
20131204,860
20131205,707
20131206,570
20131207,896
20131208,629
20131209,945
20131210,564
20131301,1028
20131302,314
20131303,737
20131304,842
20131305,827
20131306,261
20131307,629
20131308,649
20131309,780
20131310,919
20131311,603
20131312,997
20131313,1219
20131314,677
20131401,776
20131402,381
20131403,660
20131404,734
20131405,531
20131406,846
20131407,384
20131408,604
20131409,534
20131410,727
20131411,806
20131501,745
20131502,712
20131503,746
20131504,492
20131505,802
20131506,659
20131507,803
20131508,713
20131509,867
20131510,632
20131511,735
20131512,654
20131601,854
20131602,876
20131603,509
20131604,696
20131605,526
20131606,412
20131607,765
20131608,671
20131609,827
20131610,839
20131611,724
20131612,730
20131613,552
20131701,1065
20131702,1083
20131703,817
20131704,552
20131705,707
20131706,768
20131707,840
20131708,739
20131709,1006
20131710,944
20131711,570
20131801,888
20131802,867
20131803,940
20131804,719
20131805,702
20131806,739
20131807,971
20131808,801
20131809,525
20131810,812
20131901,805
20131902,933
20131903,699
20131904,500
20131905,929
20131906,497
20131907,733
20131908,744
20131909,661
20131910,693
20131911,405
20131912,753
20132001,646
20132002,943
20132003,412
20132004,685
20132005,602
20132006,815
20132007,835
20132008,783
20132009,551
20132010,564
20132011,598
20132012,564
20132101,601
20132102,309
20132103,537
20132104,861
20132105,850
20132106,759
20132107,1125
20132108,735
20132109,842
20132110,916
20132201,589
20132202,520
20132203,471
20132204,895
20132205,1184
20132206,1122
20132207,1101
20132208,797
20132209,551
20132301,1192
20132302,515
20132303,1099
20132304,604
20132305,494
20132306,762
20132307,529
20132308,1044
20132309,1024
20132310,562
20132311,819
20132401,471
20132402,568
20132403,668
20132404,822
20132405,726
20132406,734
20132407,943
20132408,847
20132409,970
20132410,805
20132501,591
20132502,701
20132503,875
20132504,668
20132505,594
20132506,730
20132507,1156
20132508,783
20132601,853
20132602,811
20132603,771
20132604,967
20132605,751
20132606,785
20132607,491
20132608,467
20132609,515
20132610,938
20132611,645
20132701,422
20132702,856
20132703,1043
20132704,852
20132705,616
20132706,1120
20132707,1058
20132708,814
20132709,868
20132801,527
20132802,441
20132803,667
20132804,389
20132805,548
20132806,823
20132807,693
20132808,936
20132809,770
20132810,624
20132901,698
20132902,634
20132903,542
20132904,844
20132905,575
20132906,763
20132907,888
20132908,1103
20132909,571
20132910,786
20132911,790
20140101,429
20140102,562
20140103,862
20140104,944
20140105,1356
20140106,1000
20140107,849
20140108,952
20140109,1012
20140110,1210
20140201,1172
20140202,540
20140203,866
20140204,658
20140205,720
20140206,673
20140207,704
20140208,932
20140209,909
20140210,1135
20140301,1619
20140302,498
20140303,426
20140304,781
20140305,862
20140306,410
20140307,638
20140308,839
20140309,893
20140310,631
20140311,708
20140312,677
20140401,880
20140402,610
20140403,585
20140404,651
20140405,862
20140406,1303
20140407,929
20140408,1123
20140409,802
20140410,1482
20140501,788
20140502,955
20140503,972
20140504,554
20140505,1046
20140506,631
20140507,553
20140508,456
20140509,1213
20140510,1268
20140601,991
20140602,821
20140603,943
20140604,722
20140605,794
20140606,1127
20140607,788
20140608,530
20140609,784
20140610,395
20140701,879
20140702,918
20140703,815
20140704,1021
20140705,745
20140706,727
20140707,661
20140708,586
20140709,616
20140801,843
20140802,592
20140803,356
20140804,455
20140805,987
20140806,927
20140807,632
20140808,696
20140809,1177
20140901,1190
20140902,876
20140903,1102
20140904,1217
20140905,398
20140906,694
20140907,654
20140908,784
20140909,793
20140910,912
20140911,767
20140912,1035
20140913,683
20141001,25
20141101,1047
20141102,955
20141103,507
20141104,710
20141105,799
20141106,911
20141107,561
20141108,1045
20141109,694
20141110,444
20141111,526
20141112,727
20141113,776
20141114,523
20141201,434
20141202,841
20141203,633
20141204,767
20141205,829
20141206,551
20141207,324
20141208,332
20141209,671
20141210,743
20141211,606
20141301,697
20141302,676
20141303,749
20141304,595
20141305,723
20141306,584
20141307,385
20141308,662
20141309,769
20141310,735
20141311,621
20141312,559
20141401,878
20141402,596
20141403,726
20141404,417
20141405,416
20141406,467
20141407,523
20141408,942
20141409,982
20141410,684
20141411,833
20141501,704
20141502,749
20141503,679
20141504,814
20141505,915
20141506,943
20141507,637
20141508,1904
20141601,1306
20141602,790
20141603,1101
20141604,945
20141605,929
20141606,299
20141607,721
20141701,809
20141702,900
20141703,820
20141704,420
20141705,729
20141706,675
20141707,762
20141708,1335
20141801,741
20141802,741
20141803,1081
20141804,900
20141805,996
20141806,828
20141807,606
20141808,912
20141901,542
20141902,969
20141903,1060
20141904,1224
20141905,1426
20142001,1265
20142002,1306
20142003,957
20142004,800
20142005,765
20142006,507
20142007,320
20142101,950
20142102,681
20142103,332
20142104,529
20142105,409
20142106,559
20142107,696
20142108,687
20142109,568
20142110,545
20142111,705
20142201,857
20142202,875
20142203,494
20142204,576
20142205,926
20142206,1058
20142207,760
20142208,767
20142209,1375
20142210,672
20142301,599
20142302,468
20142303,547
20142304,726
20142305,1023
20142306,443
20142307,694
20142308,1095
20142309,954
20142310,750
20142311,890
20142401,673
20142402,462
20142403,514
20142404,394
20142405,807
20142406,714
20142407,690
20142408,527
20142409,720
20142501,849
20142502,443
20142503,781
20142504,524
20142505,466
20142506,460
20142507,721
20142508,715
20142509,675
20142601,1046
20142602,728
20142603,411
20142604,1732
20142605,944
20142606,939
20142607,1170
20142701,1230
20142702,1125
20142703,587
20142704,791
20142705,923
20142706,419
20142707,433
20142801,630
20142802,617
20142803,676
20142804,693
20142805,555
20142806,936
20142807,740
20142808,525
20142809,579
20142810,843
20142811,980
20142812,578
20142901,545
20142902,924
20142903,517
20142904,750
20142905,474
20142906,826
20142907,838
20142908,609
20142909,724
20142910,787
20142911,640
20143001,811
20143002,976
20143003,840
20143004,574
20143005,952
20143006,476
20143007,383
20143008,1632
20143009,1280
20143101,721
20143102,837
20143103,616
20143104,646
20143105,607
20143106,1220
20143107,897
20143108,738
20143109,649
20143110,545
20143111,391
20143112,575
20150101,1023
20150102,946
20150103,691
20150104,644
20150105,782
20150106,740
20150107,699
20150108,716
20150109,988
20150110,939
20150111,587
20150112,737
20150201,756
20150202,817
20150203,828
20150204,554
20150205,517
20150206,709
20150207,666
20150208,668
20150209,581
20150210,603
20150301,722
20150302,941
20150303,918
20150304,800
20150305,801
20150306,731
20150307,812
20150308,917
20150309,877
20150310,868
20150311,755
20150312,1210
20150313,770
20150401,852
20150402,691
20150403,955
20150404,564
20150405,636
20150406,801
20150407,827
20150408,755
20150409,642
20150410,643
20150411,771
20150412,812
20150413,768
20150414,897
20150501,779
20150502,995
20150503,762
20150504,582
20150505,775
20150506,779
20150507,703
20150508,907
20150509,916
20150510,661
20150511,749
20150512,718
20150513,742
20150514,722
20150601,678
20150602,681
20150603,641
20150604,722
20150605,526
20150606,516
20150607,656
20150701,900
20150702,705
20150703,647
20150704,942
20150705,888
20150706,1031
20150707,1024
20150708,980
20150709,801
20150710,984
20150711,891
20150712,971
20150801,974
20150802,720
20150803,1008
20150804,942
20150805,749
20150806,720
20150807,996
20150808,931
20150809,1025
20150810,888
20150901,518
20150902,495
20150903,517
20150904,734
20150905,760
20150906,612
20150907,730
20150908,2324
20151001,719
20151002,1107
20151003,1097
20151004,799
20151005,725
20151006,485
20151007,846
20151008,720
20151009,766
20151010,582
20151011,656
20151012,782
20151013,1059
20151101,789
20151102,764
20151103,736
20151104,821
20151105,701
20151106,798
20151107,679
20151108,726
20151109,1092
20151110,670
20151111,1164
20151112,865
20151113,923
20151201,781
20151202,765
20151203,752
20151204,693
20151205,927
20151206,726
20151207,497
20151208,741
20151209,520
20151301,849
20151302,742
20151303,634
20151304,686
20151305,426
20151306,498
20151307,686
20151308,439
20151309,1052
20151310,652
20151401,848
20151402,899
20151403,722
20151404,714
20151405,952
20151406,522
20151407,883
20151408,841
20151409,862
20151410,684
20151411,1025
20151501,696
20151502,759
20151503,1044
20151504,988
20151505,849
20151506,881
20151507,858
20151508,666
20151509,1037
20151510,934
20151601,863
20151602,848
20151603,1065
20151604,745
20151605,642
20151606,794
20151607,848
20151608,839
20151609,735
20151610,805
20151611,763
20151701,732
20151702,584
20151703,854
20151704,1006
20151705,879
20151706,711
20151707,738
20151708,594
20151709,678
20151710,912
20151711,822
20151712,730
20151801,570
20151802,500
20151803,714
20151804,467
20151805,490
20151806,517
20151807,771
20151808,569
20151809,492
20151810,582
20151811,657
20151812,560
20151813,546
20151901,465
20151902,794
20151903,685
20151904,757
20151905,841
20151906,765
20151907,743
20151908,599
20151909,661
20151910,964
20151911,806
20152001,858
20152002,805
20152003,791
20152004,635
20152005,595
20152006,713
20152007,729
20152008,659
20152009,491
20152010,804
20152011,728
20152012,738
20152101,722
20152102,822
20152103,631
20152104,726
20152105,472
20152106,1045
20152107,411
20152108,574
20152109,863
20152110,613
20152111,697
20152112,510
20152113,895
